--Creacion de FwkCatApps
insert into FWK_CAT_APPS (Application_name,Status) values ('BASE_APP',1);
insert into FWK_CAT_APPS (Application_name,Status) values ('SWF',1);
insert into FWK_CAT_APPS (Application_name,Status) values ('BANNER',1);

--Creacion de FwkCatAdmin
insert into FWK_CAT_ADMIN (Id_App,Description,Status) values ((select id_app from FWK_CAT_APPS where Application_Name = 'BASE_APP'),'PropiedadesSWF',1);
insert into FWK_CAT_ADMIN (Id_App,Description,Status) values ((select id_app from FWK_CAT_APPS where Application_Name = 'SWF'),'PropiedadesSWF',1);
insert into FWK_CAT_ADMIN (Id_App,Description,Status) values ((select id_app from FWK_CAT_APPS where Application_Name = 'BASE_APP'),'IconList',1);
insert into FWK_CAT_ADMIN (Id_App,Description,Status) values ((select id_app from FWK_CAT_APPS where Application_Name = 'BANNER'),'PropiedadesSWF',1);

--Creacion de FwkCatContents - Acceso
insert into FWK_CAT_CONTENT (ID_APP,ID_ADMIN,KEY_VALUE,VALUE,DESCRIPTION,CREATED_ON,CREATED_BY,STATUS) values((select NUM_SISTEMA('BASE_APP') from DUAL),(select NUM_CATALOGO('BASE_APP','PropiedadesSWF')  from DUAL),'acceso.','','Parámetros de configuración para el acceso al sistema en modo de pruebas.',CURRENT_TIMESTAMP,'BASE_APP',1);
insert into FWK_CAT_CONTENT (ID_APP,ID_ADMIN,KEY_VALUE,VALUE,DESCRIPTION,CREATED_ON,CREATED_BY,STATUS) values((select NUM_SISTEMA('BASE_APP') from DUAL),(select NUM_CATALOGO('BASE_APP','PropiedadesSWF')  from DUAL),'acceso.AutoRegistro','false','Parámetros de configuración para determinar estatus de usuario en AutoRegistro.',CURRENT_TIMESTAMP,'BASE_APP',1);
insert into FWK_CAT_CONTENT (ID_APP,ID_ADMIN,KEY_VALUE,VALUE,DESCRIPTION,CREATED_ON,CREATED_BY,STATUS) values((select NUM_SISTEMA('BASE_APP') from DUAL),(select NUM_CATALOGO('BASE_APP','PropiedadesSWF')  from DUAL),'acceso.UsuarioPruebas.correoE','banner@vw.com.mx','Correo electrónico a emplear en un acceso en modo de pruebas.',CURRENT_TIMESTAMP,'BASE_APP',1);
insert into FWK_CAT_CONTENT (ID_APP,ID_ADMIN,KEY_VALUE,VALUE,DESCRIPTION,CREATED_ON,CREATED_BY,STATUS) values((select NUM_SISTEMA('BASE_APP') from DUAL),(select NUM_CATALOGO('BASE_APP','PropiedadesSWF')  from DUAL),'acceso.UsuarioPruebas.ipProduccion','https://10.148.13.54','Dirección IP del TAM de producción',CURRENT_TIMESTAMP,'BASE_APP',1);
insert into FWK_CAT_CONTENT (ID_APP,ID_ADMIN,KEY_VALUE,VALUE,DESCRIPTION,CREATED_ON,CREATED_BY,STATUS) values((select NUM_SISTEMA('BASE_APP') from DUAL),(select NUM_CATALOGO('BASE_APP','PropiedadesSWF')  from DUAL),'acceso.UsuarioPruebas.accesoMenuPruebas','true','Indica si debe emplearse acceso de pruebas o validado por TAM',CURRENT_TIMESTAMP,'BASE_APP',1);
insert into FWK_CAT_CONTENT (ID_APP,ID_ADMIN,KEY_VALUE,VALUE,DESCRIPTION,CREATED_ON,CREATED_BY,STATUS) values((select NUM_SISTEMA('BASE_APP') from DUAL),(select NUM_CATALOGO('BASE_APP','PropiedadesSWF')  from DUAL),'acceso.UsuarioPruebas.iplocal','http://localhost','Dirección IP del servidor de pruebas locales',CURRENT_TIMESTAMP,'BASE_APP',1);
insert into FWK_CAT_CONTENT (ID_APP,ID_ADMIN,KEY_VALUE,VALUE,DESCRIPTION,CREATED_ON,CREATED_BY,STATUS) values((select NUM_SISTEMA('BASE_APP') from DUAL),(select NUM_CATALOGO('BASE_APP','PropiedadesSWF')  from DUAL),'acceso.UsuarioPruebas.hostnamePruebas','lvmxdeswp','Nombre del host de Pruebas de Usuario de SWF',CURRENT_TIMESTAMP,'BASE_APP',1);
insert into FWK_CAT_CONTENT (ID_APP,ID_ADMIN,KEY_VALUE,VALUE,DESCRIPTION,CREATED_ON,CREATED_BY,STATUS) values((select NUM_SISTEMA('BASE_APP') from DUAL),(select NUM_CATALOGO('BASE_APP','PropiedadesSWF')  from DUAL),'acceso.UsuarioPruebas.hostnameIntegracion','lvmxfabswp','Nombre del host de Integración de Usuario de SWF',CURRENT_TIMESTAMP,'BASE_APP',1);
insert into FWK_CAT_CONTENT (ID_APP,ID_ADMIN,KEY_VALUE,VALUE,DESCRIPTION,CREATED_ON,CREATED_BY,STATUS) values((select NUM_SISTEMA('BASE_APP') from DUAL),(select NUM_CATALOGO('BASE_APP','PropiedadesSWF')  from DUAL),'acceso.UsuarioPruebas.hostnameDesarrollo','CAXLP9228GSS,CAX-PRES77,CAX-PRES78,CAXL-HPSF03','Nombre de los equipos de desarrollo',CURRENT_TIMESTAMP,'BASE_APP',1);
insert into FWK_CAT_CONTENT (ID_APP,ID_ADMIN,KEY_VALUE,VALUE,DESCRIPTION,CREATED_ON,CREATED_BY,STATUS) values((select NUM_SISTEMA('BASE_APP') from DUAL),(select NUM_CATALOGO('BASE_APP','PropiedadesSWF')  from DUAL),'acceso.UsuarioPruebas.ipPruebasUsuario','http://10.148.10.88','Dirección IP del servidor de pruebas de usuario',CURRENT_TIMESTAMP,'BASE_APP',1);
insert into FWK_CAT_CONTENT (ID_APP,ID_ADMIN,KEY_VALUE,VALUE,DESCRIPTION,CREATED_ON,CREATED_BY,STATUS) values((select NUM_SISTEMA('BASE_APP') from DUAL),(select NUM_CATALOGO('BASE_APP','PropiedadesSWF')  from DUAL),'acceso.UsuarioPruebas.ipIntegracion','http://10.148.10.195','Dirección IP del servidor de integración',CURRENT_TIMESTAMP,'BASE_APP',1);
insert into FWK_CAT_CONTENT (ID_APP,ID_ADMIN,KEY_VALUE,VALUE,DESCRIPTION,CREATED_ON,CREATED_BY,STATUS) values((select NUM_SISTEMA('BASE_APP') from DUAL),(select NUM_CATALOGO('BASE_APP','PropiedadesSWF')  from DUAL),'acceso.UsuarioPruebas.nc','1','Número de control a emplear durante un acceso de pruebas',CURRENT_TIMESTAMP,'BASE_APP',1);

--Creacion de FwkCatContents - BaseApp - Mail
insert into FWK_CAT_CONTENT (ID_APP,ID_ADMIN,KEY_VALUE,VALUE,DESCRIPTION,CREATED_ON,CREATED_BY,STATUS) values((select NUM_SISTEMA('BASE_APP') from DUAL),(select NUM_CATALOGO('BASE_APP','PropiedadesSWF')  from DUAL),'mail.','','Parámetros de configuración y conexión al servidor de correos en sus componentes generales o framework.',CURRENT_TIMESTAMP,'BASE_APP',1);
insert into FWK_CAT_CONTENT (ID_APP,ID_ADMIN,KEY_VALUE,VALUE,DESCRIPTION,CREATED_ON,CREATED_BY,STATUS) values((select NUM_SISTEMA('BASE_APP') from DUAL),(select NUM_CATALOGO('BASE_APP','PropiedadesSWF')  from DUAL),'mail.smtp.fromMail','banner@vw.com.mx','Correo electrónico que se emplea como firma de quien envía',CURRENT_TIMESTAMP,'BASE_APP',1);
insert into FWK_CAT_CONTENT (ID_APP,ID_ADMIN,KEY_VALUE,VALUE,DESCRIPTION,CREATED_ON,CREATED_BY,STATUS) values((select NUM_SISTEMA('BASE_APP') from DUAL),(select NUM_CATALOGO('BASE_APP','PropiedadesSWF')  from DUAL),'mail.smtp.Charset','ISO-8859-1','Codigo de página a emplear en el envío de correos',CURRENT_TIMESTAMP,'BASE_APP',1);
insert into FWK_CAT_CONTENT (ID_APP,ID_ADMIN,KEY_VALUE,VALUE,DESCRIPTION,CREATED_ON,CREATED_BY,STATUS) values((select NUM_SISTEMA('BASE_APP') from DUAL),(select NUM_CATALOGO('BASE_APP','PropiedadesSWF')  from DUAL),'mail.smtp.requieresUsrPwd','false','Indica si se requiere el usuario y password por parte del servidor',CURRENT_TIMESTAMP,'BASE_APP',1);
insert into FWK_CAT_CONTENT (ID_APP,ID_ADMIN,KEY_VALUE,VALUE,DESCRIPTION,CREATED_ON,CREATED_BY,STATUS) values((select NUM_SISTEMA('BASE_APP') from DUAL),(select NUM_CATALOGO('BASE_APP','PropiedadesSWF')  from DUAL),'mail.smtp.port','25','Puerto de conexión al servidor de correo',CURRENT_TIMESTAMP,'BASE_APP',1);
insert into FWK_CAT_CONTENT (ID_APP,ID_ADMIN,KEY_VALUE,VALUE,DESCRIPTION,CREATED_ON,CREATED_BY,STATUS) values((select NUM_SISTEMA('BASE_APP') from DUAL),(select NUM_CATALOGO('BASE_APP','PropiedadesSWF')  from DUAL),'mail.smtp.host','internalrelay.vwm.na.vwg','Nombre del servidor de correo',CURRENT_TIMESTAMP,'BASE_APP',1);
insert into FWK_CAT_CONTENT (ID_APP,ID_ADMIN,KEY_VALUE,VALUE,DESCRIPTION,CREATED_ON,CREATED_BY,STATUS) values((select NUM_SISTEMA('BASE_APP') from DUAL),(select NUM_CATALOGO('BASE_APP','PropiedadesSWF')  from DUAL),'mail.smtp.debug','true','Indica si debe emplearse modo debug durante el envío de correos',CURRENT_TIMESTAMP,'BASE_APP',1);
insert into FWK_CAT_CONTENT (ID_APP,ID_ADMIN,KEY_VALUE,VALUE,DESCRIPTION,CREATED_ON,CREATED_BY,STATUS) values((select NUM_SISTEMA('BASE_APP') from DUAL),(select NUM_CATALOGO('BASE_APP','PropiedadesSWF')  from DUAL),'mail.smtp.ssl.enable','false','Indica si está habilitado el protocolo SSL en el servidor',CURRENT_TIMESTAMP,'BASE_APP',1);
insert into FWK_CAT_CONTENT (ID_APP,ID_ADMIN,KEY_VALUE,VALUE,DESCRIPTION,CREATED_ON,CREATED_BY,STATUS) values((select NUM_SISTEMA('BASE_APP') from DUAL),(select NUM_CATALOGO('BASE_APP','PropiedadesSWF')  from DUAL),'mail.smtp.saveToDb','true','Indica si debe guardarse los correos que no hayan sido enviados en la base de datos',CURRENT_TIMESTAMP,'BASE_APP',1);

--Creacion de FwkCatContents - BaseApp - Msg
insert into FWK_CAT_CONTENT (ID_APP,ID_ADMIN,KEY_VALUE,VALUE,DESCRIPTION,CREATED_ON,CREATED_BY,STATUS) values((select NUM_SISTEMA('BASE_APP') from DUAL),(select NUM_CATALOGO('BASE_APP','PropiedadesSWF')  from DUAL),'msg.','','Parámetros de configuración de mensajeo del sistema en sus componentes generales o framework.',CURRENT_TIMESTAMP,'BASE_APP',1);
insert into FWK_CAT_CONTENT (ID_APP,ID_ADMIN,KEY_VALUE,VALUE,DESCRIPTION,CREATED_ON,CREATED_BY,STATUS) values((select NUM_SISTEMA('BASE_APP') from DUAL),(select NUM_CATALOGO('BASE_APP','PropiedadesSWF')  from DUAL),'msg.msgCountry','MX','Código de país para manejo de mensajes',CURRENT_TIMESTAMP,'BASE_APP',1);
insert into FWK_CAT_CONTENT (ID_APP,ID_ADMIN,KEY_VALUE,VALUE,DESCRIPTION,CREATED_ON,CREATED_BY,STATUS) values((select NUM_SISTEMA('BASE_APP') from DUAL),(select NUM_CATALOGO('BASE_APP','PropiedadesSWF')  from DUAL),'msg.msgLanguage','es','Código de idioma para manejo de mensajes',CURRENT_TIMESTAMP,'BASE_APP',1);
insert into FWK_CAT_CONTENT (ID_APP,ID_ADMIN,KEY_VALUE,VALUE,DESCRIPTION,CREATED_ON,CREATED_BY,STATUS) values((select NUM_SISTEMA('BASE_APP') from DUAL),(select NUM_CATALOGO('BASE_APP','PropiedadesSWF')  from DUAL),'msg.StackTrace','true','Indica si debe desplegarse el stacktrace de las excepciones o no',CURRENT_TIMESTAMP,'BASE_APP',1);
insert into FWK_CAT_CONTENT (ID_APP,ID_ADMIN,KEY_VALUE,VALUE,DESCRIPTION,CREATED_ON,CREATED_BY,STATUS) values((select NUM_SISTEMA('BASE_APP') from DUAL),(select NUM_CATALOGO('BASE_APP','PropiedadesSWF')  from DUAL),'msg.DBProvider','SqlServer','Proveedor de la BD para el manejo de mensajes',CURRENT_TIMESTAMP,'BASE_APP',1);
insert into FWK_CAT_CONTENT (ID_APP,ID_ADMIN,KEY_VALUE,VALUE,DESCRIPTION,CREATED_ON,CREATED_BY,STATUS) values((select NUM_SISTEMA('BASE_APP') from DUAL),(select NUM_CATALOGO('BASE_APP','PropiedadesSWF')  from DUAL),'msg.showSQL','true','Indica si debe mostrar el SQL en las excepciones o no',CURRENT_TIMESTAMP,'BASE_APP',1);
insert into FWK_CAT_CONTENT (ID_APP,ID_ADMIN,KEY_VALUE,VALUE,DESCRIPTION,CREATED_ON,CREATED_BY,STATUS) values((select NUM_SISTEMA('BASE_APP') from DUAL),(select NUM_CATALOGO('BASE_APP','PropiedadesSWF')  from DUAL),'msg.pathToResources','http://localhost/baseapp-files/resource/','Ruta de acceso a los recursos estáticos del sistema',CURRENT_TIMESTAMP,'BASE_APP',1);

--Creacion de FwkCatContents - BaseApp - Log
insert into FWK_CAT_CONTENT (ID_APP,ID_ADMIN,KEY_VALUE,VALUE,DESCRIPTION,CREATED_ON,CREATED_BY,STATUS) values((select NUM_SISTEMA('BASE_APP') from DUAL),(select NUM_CATALOGO('BASE_APP','PropiedadesSWF')  from DUAL),'log.','','Parámetros de configuración de loggeo de la aplicación en sus componentes generales o framework.',CURRENT_TIMESTAMP,'BASE_APP',1);
insert into FWK_CAT_CONTENT (ID_APP,ID_ADMIN,KEY_VALUE,VALUE,DESCRIPTION,CREATED_ON,CREATED_BY,STATUS) values((select NUM_SISTEMA('BASE_APP') from DUAL),(select NUM_CATALOGO('BASE_APP','PropiedadesSWF')  from DUAL),'log.ConsolePattern','%5p - %m%n','Patrón de mensaje desplegado en el log',CURRENT_TIMESTAMP,'BASE_APP',1);
insert into FWK_CAT_CONTENT (ID_APP,ID_ADMIN,KEY_VALUE,VALUE,DESCRIPTION,CREATED_ON,CREATED_BY,STATUS) values((select NUM_SISTEMA('BASE_APP') from DUAL),(select NUM_CATALOGO('BASE_APP','PropiedadesSWF')  from DUAL),'log.FileDatePattern','''.''''yyyy-MM-dd-a','Formato de la fecha empleado en el archivo',CURRENT_TIMESTAMP,'BASE_APP',1);
insert into FWK_CAT_CONTENT (ID_APP,ID_ADMIN,KEY_VALUE,VALUE,DESCRIPTION,CREATED_ON,CREATED_BY,STATUS) values((select NUM_SISTEMA('BASE_APP') from DUAL),(select NUM_CATALOGO('BASE_APP','PropiedadesSWF')  from DUAL),'log.FILENAME','baseapp.log','Nombre del archivo log',CURRENT_TIMESTAMP,'BASE_APP',1);
insert into FWK_CAT_CONTENT (ID_APP,ID_ADMIN,KEY_VALUE,VALUE,DESCRIPTION,CREATED_ON,CREATED_BY,STATUS) values((select NUM_SISTEMA('BASE_APP') from DUAL),(select NUM_CATALOGO('BASE_APP','PropiedadesSWF')  from DUAL),'log.LEVEL','INFO','Nivel de loggeo a emplear',CURRENT_TIMESTAMP,'BASE_APP',1);
insert into FWK_CAT_CONTENT (ID_APP,ID_ADMIN,KEY_VALUE,VALUE,DESCRIPTION,CREATED_ON,CREATED_BY,STATUS) values((select NUM_SISTEMA('BASE_APP') from DUAL),(select NUM_CATALOGO('BASE_APP','PropiedadesSWF')  from DUAL),'log.MaxMessageLength','[NULL]','Máxima longitud de mensajes a registrar',CURRENT_TIMESTAMP,'BASE_APP',1);
insert into FWK_CAT_CONTENT (ID_APP,ID_ADMIN,KEY_VALUE,VALUE,DESCRIPTION,CREATED_ON,CREATED_BY,STATUS) values((select NUM_SISTEMA('BASE_APP') from DUAL),(select NUM_CATALOGO('BASE_APP','PropiedadesSWF')  from DUAL),'log.MaxStackTraceLength','[NULL]','Máxima longitud de pila de errores a registrar',CURRENT_TIMESTAMP,'BASE_APP',1);
insert into FWK_CAT_CONTENT (ID_APP,ID_ADMIN,KEY_VALUE,VALUE,DESCRIPTION,CREATED_ON,CREATED_BY,STATUS) values((select NUM_SISTEMA('BASE_APP') from DUAL),(select NUM_CATALOGO('BASE_APP','PropiedadesSWF')  from DUAL),'log.PackageStartsWith','mx.vw.','Cadena inicial del nombre de paquetes a detectar errores',CURRENT_TIMESTAMP,'BASE_APP',1);
insert into FWK_CAT_CONTENT (ID_APP,ID_ADMIN,KEY_VALUE,VALUE,DESCRIPTION,CREATED_ON,CREATED_BY,STATUS) values((select NUM_SISTEMA('BASE_APP') from DUAL),(select NUM_CATALOGO('BASE_APP','PropiedadesSWF')  from DUAL),'log.PATH','/swf/baseapp/log/','ruta donde colocar los archivos log',CURRENT_TIMESTAMP,'BASE_APP',1);
insert into FWK_CAT_CONTENT (ID_APP,ID_ADMIN,KEY_VALUE,VALUE,DESCRIPTION,CREATED_ON,CREATED_BY,STATUS) values((select NUM_SISTEMA('BASE_APP') from DUAL),(select NUM_CATALOGO('BASE_APP','PropiedadesSWF')  from DUAL),'log.SaveToDB','true','Indica si debe guardarse la información de log en la base de datos',CURRENT_TIMESTAMP,'BASE_APP',1);
insert into FWK_CAT_CONTENT (ID_APP,ID_ADMIN,KEY_VALUE,VALUE,DESCRIPTION,CREATED_ON,CREATED_BY,STATUS) values((select NUM_SISTEMA('BASE_APP') from DUAL),(select NUM_CATALOGO('BASE_APP','PropiedadesSWF')  from DUAL),'log.STACKTRACE','true','Indica si debe mostrarse la pila de errores en los mensajes o no',CURRENT_TIMESTAMP,'BASE_APP',1);

--Creacion de FwkCatContents - BaseApp - Rutas
insert into FWK_CAT_CONTENT (ID_APP,ID_ADMIN,KEY_VALUE,VALUE,DESCRIPTION,CREATED_ON,CREATED_BY,STATUS) values((select NUM_SISTEMA('BASE_APP') from DUAL),(select NUM_CATALOGO('BASE_APP','PropiedadesSWF')  from DUAL),'rutas.','','Parámetros de configuración de rutas de los diferentes recursos del sistema.',CURRENT_TIMESTAMP,'BASE_APP',1);
insert into FWK_CAT_CONTENT (ID_APP,ID_ADMIN,KEY_VALUE,VALUE,DESCRIPTION,CREATED_ON,CREATED_BY,STATUS) values((select NUM_SISTEMA('BASE_APP') from DUAL),(select NUM_CATALOGO('BASE_APP','PropiedadesSWF')  from DUAL),'rutas.Estaticos','http://10.148.10.195/baseapp-files/','Indica la ruta base de acceso a los archivos estáticos',CURRENT_TIMESTAMP,'BASE_APP',1);
insert into FWK_CAT_CONTENT (ID_APP,ID_ADMIN,KEY_VALUE,VALUE,DESCRIPTION,CREATED_ON,CREATED_BY,STATUS) values((select NUM_SISTEMA('BASE_APP') from DUAL),(select NUM_CATALOGO('BASE_APP','PropiedadesSWF')  from DUAL),'rutas.Estaticos.Reportes','http://10.148.10.195/baseapp-files/','Indica la ruta base de acceso a los archivos estáticos',CURRENT_TIMESTAMP,'BASE_APP',1);
insert into FWK_CAT_CONTENT (ID_APP,ID_ADMIN,KEY_VALUE,VALUE,DESCRIPTION,CREATED_ON,CREATED_BY,STATUS) values((select NUM_SISTEMA('BASE_APP') from DUAL),(select NUM_CATALOGO('BASE_APP','PropiedadesSWF')  from DUAL),'rutas.ayuda','ayuda','Ruta de archivos de ayuda, complementar con ruta estaticos',CURRENT_TIMESTAMP,'BASE_APP',1);
insert into FWK_CAT_CONTENT (ID_APP,ID_ADMIN,KEY_VALUE,VALUE,DESCRIPTION,CREATED_ON,CREATED_BY,STATUS) values((select NUM_SISTEMA('BASE_APP') from DUAL),(select NUM_CATALOGO('BASE_APP','PropiedadesSWF')  from DUAL),'rutas.CSS','css','Ruta de archivos de css, complementar con ruta estaticos',CURRENT_TIMESTAMP,'BASE_APP',1);
insert into FWK_CAT_CONTENT (ID_APP,ID_ADMIN,KEY_VALUE,VALUE,DESCRIPTION,CREATED_ON,CREATED_BY,STATUS) values((select NUM_SISTEMA('BASE_APP') from DUAL),(select NUM_CATALOGO('BASE_APP','PropiedadesSWF')  from DUAL),'rutas.contextoBase','/banner-web/','Nombre del contexto base de la aplicación',CURRENT_TIMESTAMP,'BASE_APP',1);
insert into FWK_CAT_CONTENT (ID_APP,ID_ADMIN,KEY_VALUE,VALUE,DESCRIPTION,CREATED_ON,CREATED_BY,STATUS) values((select NUM_SISTEMA('BASE_APP') from DUAL),(select NUM_CATALOGO('BASE_APP','PropiedadesSWF')  from DUAL),'rutas.Exit','AutenticacionLSvlt','Nombre del servlet de logout, debe complementarse con el contexto base',CURRENT_TIMESTAMP,'BASE_APP',1);
insert into FWK_CAT_CONTENT (ID_APP,ID_ADMIN,KEY_VALUE,VALUE,DESCRIPTION,CREATED_ON,CREATED_BY,STATUS) values((select NUM_SISTEMA('BASE_APP') from DUAL),(select NUM_CATALOGO('BASE_APP','PropiedadesSWF')  from DUAL),'rutas.ExitRedirect','https://ipservidor/pkmslogout?filename=bannerlogout.html','Nombre de la página para cerrar sesión en TAM, otorgado por AMS',CURRENT_TIMESTAMP,'BASE_APP',1);
insert into FWK_CAT_CONTENT (ID_APP,ID_ADMIN,KEY_VALUE,VALUE,DESCRIPTION,CREATED_ON,CREATED_BY,STATUS) values((select NUM_SISTEMA('BASE_APP') from DUAL),(select NUM_CATALOGO('BASE_APP','PropiedadesSWF')  from DUAL),'rutas.Imagen','img','Ruta de archivos de imagen, complementar con ruta estaticos',CURRENT_TIMESTAMP,'BASE_APP',1);
insert into FWK_CAT_CONTENT (ID_APP,ID_ADMIN,KEY_VALUE,VALUE,DESCRIPTION,CREATED_ON,CREATED_BY,STATUS) values((select NUM_SISTEMA('BASE_APP') from DUAL),(select NUM_CATALOGO('BASE_APP','PropiedadesSWF')  from DUAL),'rutas.JQW','jqwidgets','Ruta de acceso a jqwidgets, complementar con ruta estaticos',CURRENT_TIMESTAMP,'BASE_APP',1);
insert into FWK_CAT_CONTENT (ID_APP,ID_ADMIN,KEY_VALUE,VALUE,DESCRIPTION,CREATED_ON,CREATED_BY,STATUS) values((select NUM_SISTEMA('BASE_APP') from DUAL),(select NUM_CATALOGO('BASE_APP','PropiedadesSWF')  from DUAL),'rutas.LoginError','baseapp/AccesoInvalido.jsf','Pantalla a mostrar cuando no se tiene acceso al recurso, complementar con el contexto base',CURRENT_TIMESTAMP,'BASE_APP',1);
insert into FWK_CAT_CONTENT (ID_APP,ID_ADMIN,KEY_VALUE,VALUE,DESCRIPTION,CREATED_ON,CREATED_BY,STATUS) values((select NUM_SISTEMA('BASE_APP') from DUAL),(select NUM_CATALOGO('BASE_APP','PropiedadesSWF')  from DUAL),'rutas.LoginSuccess','baseapp/main.jsf','Pantalla principal del sistema, complementar con el contexto base',CURRENT_TIMESTAMP,'BASE_APP',1);
insert into FWK_CAT_CONTENT (ID_APP,ID_ADMIN,KEY_VALUE,VALUE,DESCRIPTION,CREATED_ON,CREATED_BY,STATUS) values((select NUM_SISTEMA('BASE_APP') from DUAL),(select NUM_CATALOGO('BASE_APP','PropiedadesSWF')  from DUAL),'rutas.LogoVW','http://vw.com.mx','URL al que se redirige cuando se oprime el logotipo de VWM',CURRENT_TIMESTAMP,'BASE_APP',1);
insert into FWK_CAT_CONTENT (ID_APP,ID_ADMIN,KEY_VALUE,VALUE,DESCRIPTION,CREATED_ON,CREATED_BY,STATUS) values((select NUM_SISTEMA('BASE_APP') from DUAL),(select NUM_CATALOGO('BASE_APP','PropiedadesSWF')  from DUAL),'rutas.Reportes','http://10.148.10.195/baseapp-files/reportes','Ruta de acceso a los reportes, complementar con ruta estaticos',CURRENT_TIMESTAMP,'BASE_APP',1);
insert into FWK_CAT_CONTENT (ID_APP,ID_ADMIN,KEY_VALUE,VALUE,DESCRIPTION,CREATED_ON,CREATED_BY,STATUS) values((select NUM_SISTEMA('BASE_APP') from DUAL),(select NUM_CATALOGO('BASE_APP','PropiedadesSWF')  from DUAL),'rutas.Sistema','http://localhost','Ruta base del sistema para redireccionamiento, complementar con ruta de contexto base',CURRENT_TIMESTAMP,'BASE_APP',1);
insert into FWK_CAT_CONTENT (ID_APP,ID_ADMIN,KEY_VALUE,VALUE,DESCRIPTION,CREATED_ON,CREATED_BY,STATUS) values((select NUM_SISTEMA('BASE_APP') from DUAL),(select NUM_CATALOGO('BASE_APP','PropiedadesSWF')  from DUAL),'rutas.SWFactory','http://portalvwm.vwm.na.vwg/web/software-factory/inicio','URL al que se redirige cuando se oprime el vínculo de Software Factory',CURRENT_TIMESTAMP,'BASE_APP',1);
insert into FWK_CAT_CONTENT (ID_APP,ID_ADMIN,KEY_VALUE,VALUE,DESCRIPTION,CREATED_ON,CREATED_BY,STATUS) values((select NUM_SISTEMA('BASE_APP') from DUAL),(select NUM_CATALOGO('BASE_APP','PropiedadesSWF')  from DUAL),'rutas.Resources','resource','Ruta de acceso a los archivos de recursos',CURRENT_TIMESTAMP,'BASE_APP',1);

--Creacion de FwkCatContents - BaseApp - Timer
insert into FWK_CAT_CONTENT (ID_APP,ID_ADMIN,KEY_VALUE,VALUE,DESCRIPTION,CREATED_ON,CREATED_BY,STATUS) values((select NUM_SISTEMA('BASE_APP') from DUAL),(select NUM_CATALOGO('BASE_APP','PropiedadesSWF')  from DUAL),'timer.','','Parámetros del controlador de timers del sistema.',CURRENT_TIMESTAMP,'BASE_APP',1);

--Creacion de FwkCatContents - BaseApp - Timer Controller
insert into FWK_CAT_CONTENT (ID_APP,ID_ADMIN,KEY_VALUE,VALUE,DESCRIPTION,CREATED_ON,CREATED_BY,STATUS) values((select NUM_SISTEMA('BASE_APP') from DUAL),(select NUM_CATALOGO('BASE_APP','PropiedadesSWF')  from DUAL),'timer.Controller.Intervalo','300','Intervalo en segundos para siguiente ejecucion del controlador de timers, <= 0 ocupa 5 * 60 (5 minutos)',CURRENT_TIMESTAMP,'BASE_APP',1);

--Creacion de FwkCatContents - BaseApp - Timer EnvioPendiente
insert into FWK_CAT_CONTENT (ID_APP,ID_ADMIN,KEY_VALUE,VALUE,DESCRIPTION,CREATED_ON,CREATED_BY,STATUS) values((select NUM_SISTEMA('BASE_APP') from DUAL),(select NUM_CATALOGO('BASE_APP','PropiedadesSWF')  from DUAL),'timer.EnvioPendiente.','','Parámetros de configuración del timer de envío de correos pendientes',CURRENT_TIMESTAMP,'BASE_APP',1);
insert into FWK_CAT_CONTENT (ID_APP,ID_ADMIN,KEY_VALUE,VALUE,DESCRIPTION,CREATED_ON,CREATED_BY,STATUS) values((select NUM_SISTEMA('BASE_APP') from DUAL),(select NUM_CATALOGO('BASE_APP','PropiedadesSWF')  from DUAL),'timer.EnvioPendiente.Control','stopped','start = iniciar|stop = detener|started = servicio iniciado|stopped = servicio detenido',CURRENT_TIMESTAMP,'BASE_APP',1);
insert into FWK_CAT_CONTENT (ID_APP,ID_ADMIN,KEY_VALUE,VALUE,DESCRIPTION,CREATED_ON,CREATED_BY,STATUS) values((select NUM_SISTEMA('BASE_APP') from DUAL),(select NUM_CATALOGO('BASE_APP','PropiedadesSWF')  from DUAL),'timer.EnvioPendiente.Enabled','true','Indica si el timer debe activarse o dejarse inactivo, cuando no está activo no indicará que deba ejecutar el método execute',CURRENT_TIMESTAMP,'BASE_APP',1);
insert into FWK_CAT_CONTENT (ID_APP,ID_ADMIN,KEY_VALUE,VALUE,DESCRIPTION,CREATED_ON,CREATED_BY,STATUS) values((select NUM_SISTEMA('BASE_APP') from DUAL),(select NUM_CATALOGO('BASE_APP','PropiedadesSWF')  from DUAL),'timer.EnvioPendiente.ForceShut','false','False permance en ejecucion / True se detendra el servicio',CURRENT_TIMESTAMP,'BASE_APP',1);
insert into FWK_CAT_CONTENT (ID_APP,ID_ADMIN,KEY_VALUE,VALUE,DESCRIPTION,CREATED_ON,CREATED_BY,STATUS) values((select NUM_SISTEMA('BASE_APP') from DUAL),(select NUM_CATALOGO('BASE_APP','PropiedadesSWF')  from DUAL),'timer.EnvioPendiente.DiaEspecifico','false','Si es true considerar parametro del Dia',CURRENT_TIMESTAMP,'BASE_APP',1);
insert into FWK_CAT_CONTENT (ID_APP,ID_ADMIN,KEY_VALUE,VALUE,DESCRIPTION,CREATED_ON,CREATED_BY,STATUS) values((select NUM_SISTEMA('BASE_APP') from DUAL),(select NUM_CATALOGO('BASE_APP','PropiedadesSWF')  from DUAL),'timer.EnvioPendiente.Dia','-1','Dia de ejecucion de Timer, revisar parametro DiaEspecifico',CURRENT_TIMESTAMP,'BASE_APP',1);
insert into FWK_CAT_CONTENT (ID_APP,ID_ADMIN,KEY_VALUE,VALUE,DESCRIPTION,CREATED_ON,CREATED_BY,STATUS) values((select NUM_SISTEMA('BASE_APP') from DUAL),(select NUM_CATALOGO('BASE_APP','PropiedadesSWF')  from DUAL),'timer.EnvioPendiente.Hora','-1','Hora de ejecucion de Timer, < 0 = misma hora',CURRENT_TIMESTAMP,'BASE_APP',1);
insert into FWK_CAT_CONTENT (ID_APP,ID_ADMIN,KEY_VALUE,VALUE,DESCRIPTION,CREATED_ON,CREATED_BY,STATUS) values((select NUM_SISTEMA('BASE_APP') from DUAL),(select NUM_CATALOGO('BASE_APP','PropiedadesSWF')  from DUAL),'timer.EnvioPendiente.Minuto','-1','Minuto de ejecucion de Timer, < 0 = mismo minuto',CURRENT_TIMESTAMP,'BASE_APP',1);
insert into FWK_CAT_CONTENT (ID_APP,ID_ADMIN,KEY_VALUE,VALUE,DESCRIPTION,CREATED_ON,CREATED_BY,STATUS) values((select NUM_SISTEMA('BASE_APP') from DUAL),(select NUM_CATALOGO('BASE_APP','PropiedadesSWF')  from DUAL),'timer.EnvioPendiente.Segundo','-1','Segundo de ejecucion de Timer, < 0 = mismos segundos mas 10',CURRENT_TIMESTAMP,'BASE_APP',1);
insert into FWK_CAT_CONTENT (ID_APP,ID_ADMIN,KEY_VALUE,VALUE,DESCRIPTION,CREATED_ON,CREATED_BY,STATUS) values((select NUM_SISTEMA('BASE_APP') from DUAL),(select NUM_CATALOGO('BASE_APP','PropiedadesSWF')  from DUAL),'timer.EnvioPendiente.Intervalo','300','Intervalo en segundos para siguiente ejecuci???n, <= 0 ocupa 5 * 60 (5 minutos)',CURRENT_TIMESTAMP,'BASE_APP',1);

--Creacion de FwkCatContents - BaseApp - App
insert into FWK_CAT_CONTENT (ID_APP,ID_ADMIN,KEY_VALUE,VALUE,DESCRIPTION,CREATED_ON,CREATED_BY,STATUS) values((select NUM_SISTEMA('BASE_APP') from DUAL),(select NUM_CATALOGO('BASE_APP','PropiedadesSWF')  from DUAL),'app.DefaultTableRows','15','Número predeterminado de registros a mostrar en las tablas de datos',CURRENT_TIMESTAMP,'BASE_APP',1);
insert into FWK_CAT_CONTENT (ID_APP,ID_ADMIN,KEY_VALUE,VALUE,DESCRIPTION,CREATED_ON,CREATED_BY,STATUS) values((select NUM_SISTEMA('BASE_APP') from DUAL),(select NUM_CATALOGO('BASE_APP','PropiedadesSWF')  from DUAL),'app.ReloadResource','false','Indica si debe recargarse los recursos de la aplicación de forma automática en cada petición',CURRENT_TIMESTAMP,'BASE_APP',1);
insert into FWK_CAT_CONTENT (ID_APP,ID_ADMIN,KEY_VALUE,VALUE,DESCRIPTION,CREATED_ON,CREATED_BY,STATUS) values((select NUM_SISTEMA('BASE_APP') from DUAL),(select NUM_CATALOGO('BASE_APP','PropiedadesSWF')  from DUAL),'app.Timeout','18','Indica el tiempo de expiración de sesión',CURRENT_TIMESTAMP,'BASE_APP',1);

--Creación de FwkCatContents - SWF - Mail
insert into FWK_CAT_CONTENT (ID_APP,ID_ADMIN,KEY_VALUE,VALUE,DESCRIPTION,CREATED_ON,CREATED_BY,STATUS) values((select NUM_SISTEMA('SWF') from DUAL),(select NUM_CATALOGO('SWF','PropiedadesSWF') from DUAL),'mail.','','Parámetros de configuración y conexión al servidor de correos en sus componentes generales o framework.',CURRENT_TIMESTAMP,'BASE_APP',1);
insert into FWK_CAT_CONTENT (ID_APP,ID_ADMIN,KEY_VALUE,VALUE,DESCRIPTION,CREATED_ON,CREATED_BY,STATUS) values((select NUM_SISTEMA('SWF') from DUAL),(select NUM_CATALOGO('SWF','PropiedadesSWF') from DUAL),'mail.smtp.fromMail','banner@vw.com.mx','Correo electrónico que se emplea como firma de quien envía',CURRENT_TIMESTAMP,'BASE_APP',1);
insert into FWK_CAT_CONTENT (ID_APP,ID_ADMIN,KEY_VALUE,VALUE,DESCRIPTION,CREATED_ON,CREATED_BY,STATUS) values((select NUM_SISTEMA('SWF') from DUAL),(select NUM_CATALOGO('SWF','PropiedadesSWF') from DUAL),'mail.smtp.Charset','ISO-8859-1','Codigo de página a emplear en el envío de correos',CURRENT_TIMESTAMP,'BASE_APP',1);
insert into FWK_CAT_CONTENT (ID_APP,ID_ADMIN,KEY_VALUE,VALUE,DESCRIPTION,CREATED_ON,CREATED_BY,STATUS) values((select NUM_SISTEMA('SWF') from DUAL),(select NUM_CATALOGO('SWF','PropiedadesSWF') from DUAL),'mail.smtp.requieresUsrPwd','false','Indica si se requiere el usuario y password por parte del servidor',CURRENT_TIMESTAMP,'BASE_APP',1);
insert into FWK_CAT_CONTENT (ID_APP,ID_ADMIN,KEY_VALUE,VALUE,DESCRIPTION,CREATED_ON,CREATED_BY,STATUS) values((select NUM_SISTEMA('SWF') from DUAL),(select NUM_CATALOGO('SWF','PropiedadesSWF') from DUAL),'mail.smtp.port','25','Puerto de conexión al servidor de correo',CURRENT_TIMESTAMP,'BASE_APP',1);
insert into FWK_CAT_CONTENT (ID_APP,ID_ADMIN,KEY_VALUE,VALUE,DESCRIPTION,CREATED_ON,CREATED_BY,STATUS) values((select NUM_SISTEMA('SWF') from DUAL),(select NUM_CATALOGO('SWF','PropiedadesSWF') from DUAL),'mail.smtp.host','internalrelay.vwm.na.vwg','Nombre del servidor de correo',CURRENT_TIMESTAMP,'BASE_APP',1);
insert into FWK_CAT_CONTENT (ID_APP,ID_ADMIN,KEY_VALUE,VALUE,DESCRIPTION,CREATED_ON,CREATED_BY,STATUS) values((select NUM_SISTEMA('SWF') from DUAL),(select NUM_CATALOGO('SWF','PropiedadesSWF') from DUAL),'mail.smtp.debug','true','Indica si debe emplearse modo debug durante el envío de correos',CURRENT_TIMESTAMP,'BASE_APP',1);
insert into FWK_CAT_CONTENT (ID_APP,ID_ADMIN,KEY_VALUE,VALUE,DESCRIPTION,CREATED_ON,CREATED_BY,STATUS) values((select NUM_SISTEMA('SWF') from DUAL),(select NUM_CATALOGO('SWF','PropiedadesSWF') from DUAL),'mail.smtp.ssl.enable','false','Indica si está habilitado el protocolo SSL en el servidor',CURRENT_TIMESTAMP,'BASE_APP',1);
insert into FWK_CAT_CONTENT (ID_APP,ID_ADMIN,KEY_VALUE,VALUE,DESCRIPTION,CREATED_ON,CREATED_BY,STATUS) values((select NUM_SISTEMA('SWF') from DUAL),(select NUM_CATALOGO('SWF','PropiedadesSWF') from DUAL),'mail.smtp.saveToDb','true','Indica si debe guardarse los correos que no hayan sido enviados en la base de datos',CURRENT_TIMESTAMP,'BASE_APP',1);

--Creación de FwkCatContents - SWF - Msg
insert into FWK_CAT_CONTENT (ID_APP,ID_ADMIN,KEY_VALUE,VALUE,DESCRIPTION,CREATED_ON,CREATED_BY,STATUS) values((select NUM_SISTEMA('SWF') from DUAL),(select NUM_CATALOGO('SWF','PropiedadesSWF') from DUAL),'msg.','','Parámetros de configuración de mensajeo del sistema en sus componentes generales o framework.',CURRENT_TIMESTAMP,'BASE_APP',1);
insert into FWK_CAT_CONTENT (ID_APP,ID_ADMIN,KEY_VALUE,VALUE,DESCRIPTION,CREATED_ON,CREATED_BY,STATUS) values((select NUM_SISTEMA('SWF') from DUAL),(select NUM_CATALOGO('SWF','PropiedadesSWF') from DUAL),'msg.msgCountry','MX','Código de país para manejo de mensajes',CURRENT_TIMESTAMP,'BASE_APP',1);
insert into FWK_CAT_CONTENT (ID_APP,ID_ADMIN,KEY_VALUE,VALUE,DESCRIPTION,CREATED_ON,CREATED_BY,STATUS) values((select NUM_SISTEMA('SWF') from DUAL),(select NUM_CATALOGO('SWF','PropiedadesSWF') from DUAL),'msg.msgLanguage','es','Código de idioma para manejo de mensajes',CURRENT_TIMESTAMP,'BASE_APP',1);
insert into FWK_CAT_CONTENT (ID_APP,ID_ADMIN,KEY_VALUE,VALUE,DESCRIPTION,CREATED_ON,CREATED_BY,STATUS) values((select NUM_SISTEMA('SWF') from DUAL),(select NUM_CATALOGO('SWF','PropiedadesSWF') from DUAL),'msg.StackTrace','true','Indica si debe desplegarse el stacktrace de las excepciones o no',CURRENT_TIMESTAMP,'BASE_APP',1);
insert into FWK_CAT_CONTENT (ID_APP,ID_ADMIN,KEY_VALUE,VALUE,DESCRIPTION,CREATED_ON,CREATED_BY,STATUS) values((select NUM_SISTEMA('SWF') from DUAL),(select NUM_CATALOGO('SWF','PropiedadesSWF') from DUAL),'msg.DBProvider','SqlServer','Proveedor de la BD para el manejo de mensajes',CURRENT_TIMESTAMP,'BASE_APP',1);
insert into FWK_CAT_CONTENT (ID_APP,ID_ADMIN,KEY_VALUE,VALUE,DESCRIPTION,CREATED_ON,CREATED_BY,STATUS) values((select NUM_SISTEMA('SWF') from DUAL),(select NUM_CATALOGO('SWF','PropiedadesSWF') from DUAL),'msg.showSQL','true','Indica si debe mostrar el SQL en las excepciones o no',CURRENT_TIMESTAMP,'BASE_APP',1);
insert into FWK_CAT_CONTENT (ID_APP,ID_ADMIN,KEY_VALUE,VALUE,DESCRIPTION,CREATED_ON,CREATED_BY,STATUS) values((select NUM_SISTEMA('SWF') from DUAL),(select NUM_CATALOGO('SWF','PropiedadesSWF') from DUAL),'msg.pathToResources','http://localhost/baseapp-files/resource/','Ruta de acceso a los recursos estáticos del sistema',CURRENT_TIMESTAMP,'BASE_APP',1);

--Creación de FwkCatContents - SWF - Log
insert into FWK_CAT_CONTENT (ID_APP,ID_ADMIN,KEY_VALUE,VALUE,DESCRIPTION,CREATED_ON,CREATED_BY,STATUS) values((select NUM_SISTEMA('SWF') from DUAL),(select NUM_CATALOGO('SWF','PropiedadesSWF') from DUAL),'log.','','Parámetros de configuración de loggeo de la aplicación en sus componentes generales o framework.',CURRENT_TIMESTAMP,'BASE_APP',1);
insert into FWK_CAT_CONTENT (ID_APP,ID_ADMIN,KEY_VALUE,VALUE,DESCRIPTION,CREATED_ON,CREATED_BY,STATUS) values((select NUM_SISTEMA('SWF') from DUAL),(select NUM_CATALOGO('SWF','PropiedadesSWF') from DUAL),'log.ConsolePattern','%5p - %m%n','Patrón de mensaje desplegado en el log',CURRENT_TIMESTAMP,'BASE_APP',1);
insert into FWK_CAT_CONTENT (ID_APP,ID_ADMIN,KEY_VALUE,VALUE,DESCRIPTION,CREATED_ON,CREATED_BY,STATUS) values((select NUM_SISTEMA('SWF') from DUAL),(select NUM_CATALOGO('SWF','PropiedadesSWF') from DUAL),'log.FileDatePattern','''.''''yyyy-MM-dd-a','Formato de la fecha empleado en el archivo',CURRENT_TIMESTAMP,'BASE_APP',1);
insert into FWK_CAT_CONTENT (ID_APP,ID_ADMIN,KEY_VALUE,VALUE,DESCRIPTION,CREATED_ON,CREATED_BY,STATUS) values((select NUM_SISTEMA('SWF') from DUAL),(select NUM_CATALOGO('SWF','PropiedadesSWF') from DUAL),'log.FILENAME','swf.log','Nombre del archivo log',CURRENT_TIMESTAMP,'BASE_APP',1);
insert into FWK_CAT_CONTENT (ID_APP,ID_ADMIN,KEY_VALUE,VALUE,DESCRIPTION,CREATED_ON,CREATED_BY,STATUS) values((select NUM_SISTEMA('SWF') from DUAL),(select NUM_CATALOGO('SWF','PropiedadesSWF') from DUAL),'log.LEVEL','INFO','Nivel de loggeo a emplear',CURRENT_TIMESTAMP,'BASE_APP',1);
insert into FWK_CAT_CONTENT (ID_APP,ID_ADMIN,KEY_VALUE,VALUE,DESCRIPTION,CREATED_ON,CREATED_BY,STATUS) values((select NUM_SISTEMA('SWF') from DUAL),(select NUM_CATALOGO('SWF','PropiedadesSWF') from DUAL),'log.MaxMessageLength','[NULL]','Máxima longitud de mensajes a registrar',CURRENT_TIMESTAMP,'BASE_APP',1);
insert into FWK_CAT_CONTENT (ID_APP,ID_ADMIN,KEY_VALUE,VALUE,DESCRIPTION,CREATED_ON,CREATED_BY,STATUS) values((select NUM_SISTEMA('SWF') from DUAL),(select NUM_CATALOGO('SWF','PropiedadesSWF') from DUAL),'log.MaxStackTraceLength','[NULL]','Máxima longitud de pila de errores a registrar',CURRENT_TIMESTAMP,'BASE_APP',1);
insert into FWK_CAT_CONTENT (ID_APP,ID_ADMIN,KEY_VALUE,VALUE,DESCRIPTION,CREATED_ON,CREATED_BY,STATUS) values((select NUM_SISTEMA('SWF') from DUAL),(select NUM_CATALOGO('SWF','PropiedadesSWF') from DUAL),'log.PackageStartsWith','mx.vw.','Cadena inicial del nombre de paquetes a detectar errores',CURRENT_TIMESTAMP,'BASE_APP',1);
insert into FWK_CAT_CONTENT (ID_APP,ID_ADMIN,KEY_VALUE,VALUE,DESCRIPTION,CREATED_ON,CREATED_BY,STATUS) values((select NUM_SISTEMA('SWF') from DUAL),(select NUM_CATALOGO('SWF','PropiedadesSWF') from DUAL),'log.PATH','/swf/baseapp/log/','ruta donde colocar los archivos log',CURRENT_TIMESTAMP,'BASE_APP',1);
insert into FWK_CAT_CONTENT (ID_APP,ID_ADMIN,KEY_VALUE,VALUE,DESCRIPTION,CREATED_ON,CREATED_BY,STATUS) values((select NUM_SISTEMA('SWF') from DUAL),(select NUM_CATALOGO('SWF','PropiedadesSWF') from DUAL),'log.SaveToDB','true','Indica si debe guardarse la información de log en la base de datos',CURRENT_TIMESTAMP,'BASE_APP',1);
insert into FWK_CAT_CONTENT (ID_APP,ID_ADMIN,KEY_VALUE,VALUE,DESCRIPTION,CREATED_ON,CREATED_BY,STATUS) values((select NUM_SISTEMA('SWF') from DUAL),(select NUM_CATALOGO('SWF','PropiedadesSWF') from DUAL),'log.STACKTRACE','true','Indica si debe mostrarse la pila de errores en los mensajes o no',CURRENT_TIMESTAMP,'BASE_APP',1);


--Creación de FwkCatContents - BANNER - Mail
insert into FWK_CAT_CONTENT (ID_APP,ID_ADMIN,KEY_VALUE,VALUE,DESCRIPTION,CREATED_ON,CREATED_BY,STATUS) values((select NUM_SISTEMA('BANNER') from DUAL),(select NUM_CATALOGO('BANNER','PropiedadesSWF') from DUAL),'mail.','','Parámetros de configuración y conexión al servidor de correos en sus componentes generales o framework.',CURRENT_TIMESTAMP,'BANNER',1);
insert into FWK_CAT_CONTENT (ID_APP,ID_ADMIN,KEY_VALUE,VALUE,DESCRIPTION,CREATED_ON,CREATED_BY,STATUS) values((select NUM_SISTEMA('BANNER') from DUAL),(select NUM_CATALOGO('BANNER','PropiedadesSWF') from DUAL),'mail.smtp.fromMail','BANNER@vw.com.mx','Correo electrónico que se emplea como firma de quien envía',CURRENT_TIMESTAMP,'BANNER',1);
insert into FWK_CAT_CONTENT (ID_APP,ID_ADMIN,KEY_VALUE,VALUE,DESCRIPTION,CREATED_ON,CREATED_BY,STATUS) values((select NUM_SISTEMA('BANNER') from DUAL),(select NUM_CATALOGO('BANNER','PropiedadesSWF') from DUAL),'mail.smtp.Charset','ISO-8859-1','Codigo de página a emplear en el envío de correos',CURRENT_TIMESTAMP,'BANNER',1);
insert into FWK_CAT_CONTENT (ID_APP,ID_ADMIN,KEY_VALUE,VALUE,DESCRIPTION,CREATED_ON,CREATED_BY,STATUS) values((select NUM_SISTEMA('BANNER') from DUAL),(select NUM_CATALOGO('BANNER','PropiedadesSWF') from DUAL),'mail.smtp.requieresUsrPwd','false','Indica si se requiere el usuario y password por parte del servidor',CURRENT_TIMESTAMP,'BANNER',1);
insert into FWK_CAT_CONTENT (ID_APP,ID_ADMIN,KEY_VALUE,VALUE,DESCRIPTION,CREATED_ON,CREATED_BY,STATUS) values((select NUM_SISTEMA('BANNER') from DUAL),(select NUM_CATALOGO('BANNER','PropiedadesSWF') from DUAL),'mail.smtp.port','25','Puerto de conexión al servidor de correo',CURRENT_TIMESTAMP,'BANNER',1);
insert into FWK_CAT_CONTENT (ID_APP,ID_ADMIN,KEY_VALUE,VALUE,DESCRIPTION,CREATED_ON,CREATED_BY,STATUS) values((select NUM_SISTEMA('BANNER') from DUAL),(select NUM_CATALOGO('BANNER','PropiedadesSWF') from DUAL),'mail.smtp.host','internalrelay.vwm.na.vwg','Nombre del servidor de correo',CURRENT_TIMESTAMP,'BANNER',1);
insert into FWK_CAT_CONTENT (ID_APP,ID_ADMIN,KEY_VALUE,VALUE,DESCRIPTION,CREATED_ON,CREATED_BY,STATUS) values((select NUM_SISTEMA('BANNER') from DUAL),(select NUM_CATALOGO('BANNER','PropiedadesSWF') from DUAL),'mail.smtp.debug','true','Indica si debe emplearse modo debug durante el envío de correos',CURRENT_TIMESTAMP,'BANNER',1);
insert into FWK_CAT_CONTENT (ID_APP,ID_ADMIN,KEY_VALUE,VALUE,DESCRIPTION,CREATED_ON,CREATED_BY,STATUS) values((select NUM_SISTEMA('BANNER') from DUAL),(select NUM_CATALOGO('BANNER','PropiedadesSWF') from DUAL),'mail.smtp.ssl.enable','false','Indica si está habilitado el protocolo SSL en el servidor',CURRENT_TIMESTAMP,'BANNER',1);
insert into FWK_CAT_CONTENT (ID_APP,ID_ADMIN,KEY_VALUE,VALUE,DESCRIPTION,CREATED_ON,CREATED_BY,STATUS) values((select NUM_SISTEMA('BANNER') from DUAL),(select NUM_CATALOGO('BANNER','PropiedadesSWF') from DUAL),'mail.smtp.saveToDb','true','Indica si debe guardarse los correos que no hayan sido enviados en la base de datos',CURRENT_TIMESTAMP,'BANNER',1);

--Creación de FwkCatContents - BANNER - Msg
insert into FWK_CAT_CONTENT (ID_APP,ID_ADMIN,KEY_VALUE,VALUE,DESCRIPTION,CREATED_ON,CREATED_BY,STATUS) values((select NUM_SISTEMA('BANNER') from DUAL),(select NUM_CATALOGO('BANNER','PropiedadesSWF') from DUAL),'msg.','','Parámetros de configuración de mensajeo del sistema en sus componentes generales o framework.',CURRENT_TIMESTAMP,'BANNER',1);
insert into FWK_CAT_CONTENT (ID_APP,ID_ADMIN,KEY_VALUE,VALUE,DESCRIPTION,CREATED_ON,CREATED_BY,STATUS) values((select NUM_SISTEMA('BANNER') from DUAL),(select NUM_CATALOGO('BANNER','PropiedadesSWF') from DUAL),'msg.msgCountry','MX','Código de país para manejo de mensajes',CURRENT_TIMESTAMP,'BANNER',1);
insert into FWK_CAT_CONTENT (ID_APP,ID_ADMIN,KEY_VALUE,VALUE,DESCRIPTION,CREATED_ON,CREATED_BY,STATUS) values((select NUM_SISTEMA('BANNER') from DUAL),(select NUM_CATALOGO('BANNER','PropiedadesSWF') from DUAL),'msg.msgLanguage','es','Código de idioma para manejo de mensajes',CURRENT_TIMESTAMP,'BANNER',1);
insert into FWK_CAT_CONTENT (ID_APP,ID_ADMIN,KEY_VALUE,VALUE,DESCRIPTION,CREATED_ON,CREATED_BY,STATUS) values((select NUM_SISTEMA('BANNER') from DUAL),(select NUM_CATALOGO('BANNER','PropiedadesSWF') from DUAL),'msg.StackTrace','true','Indica si debe desplegarse el stacktrace de las excepciones o no',CURRENT_TIMESTAMP,'BANNER',1);
insert into FWK_CAT_CONTENT (ID_APP,ID_ADMIN,KEY_VALUE,VALUE,DESCRIPTION,CREATED_ON,CREATED_BY,STATUS) values((select NUM_SISTEMA('BANNER') from DUAL),(select NUM_CATALOGO('BANNER','PropiedadesSWF') from DUAL),'msg.DBProvider','SqlServer','Proveedor de la BD para el manejo de mensajes',CURRENT_TIMESTAMP,'BANNER',1);
insert into FWK_CAT_CONTENT (ID_APP,ID_ADMIN,KEY_VALUE,VALUE,DESCRIPTION,CREATED_ON,CREATED_BY,STATUS) values((select NUM_SISTEMA('BANNER') from DUAL),(select NUM_CATALOGO('BANNER','PropiedadesSWF') from DUAL),'msg.showSQL','true','Indica si debe mostrar el SQL en las excepciones o no',CURRENT_TIMESTAMP,'BANNER',1);
insert into FWK_CAT_CONTENT (ID_APP,ID_ADMIN,KEY_VALUE,VALUE,DESCRIPTION,CREATED_ON,CREATED_BY,STATUS) values((select NUM_SISTEMA('BANNER') from DUAL),(select NUM_CATALOGO('BANNER','PropiedadesSWF') from DUAL),'msg.pathToResources','http://localhost/banner-files/resource/','Ruta de acceso a los recursos estáticos del sistema',CURRENT_TIMESTAMP,'BANNER',1);

--Creación de FwkCatContents - BANNER - Log
insert into FWK_CAT_CONTENT (ID_APP,ID_ADMIN,KEY_VALUE,VALUE,DESCRIPTION,CREATED_ON,CREATED_BY,STATUS) values((select NUM_SISTEMA('BANNER') from DUAL),(select NUM_CATALOGO('BANNER','PropiedadesSWF') from DUAL),'log.','','Parámetros de configuración de loggeo de la aplicación en sus componentes generales o framework.',CURRENT_TIMESTAMP,'BANNER',1);
insert into FWK_CAT_CONTENT (ID_APP,ID_ADMIN,KEY_VALUE,VALUE,DESCRIPTION,CREATED_ON,CREATED_BY,STATUS) values((select NUM_SISTEMA('BANNER') from DUAL),(select NUM_CATALOGO('BANNER','PropiedadesSWF') from DUAL),'log.ConsolePattern','%5p - %m%n','Patrón de mensaje desplegado en el log',CURRENT_TIMESTAMP,'BANNER',1);
insert into FWK_CAT_CONTENT (ID_APP,ID_ADMIN,KEY_VALUE,VALUE,DESCRIPTION,CREATED_ON,CREATED_BY,STATUS) values((select NUM_SISTEMA('BANNER') from DUAL),(select NUM_CATALOGO('BANNER','PropiedadesSWF') from DUAL),'log.FileDatePattern','''.''''yyyy-MM-dd-a','Formato de la fecha empleado en el archivo',CURRENT_TIMESTAMP,'BANNER',1);
insert into FWK_CAT_CONTENT (ID_APP,ID_ADMIN,KEY_VALUE,VALUE,DESCRIPTION,CREATED_ON,CREATED_BY,STATUS) values((select NUM_SISTEMA('BANNER') from DUAL),(select NUM_CATALOGO('BANNER','PropiedadesSWF') from DUAL),'log.FILENAME','banner.log','Nombre del archivo log',CURRENT_TIMESTAMP,'BANNER',1);
insert into FWK_CAT_CONTENT (ID_APP,ID_ADMIN,KEY_VALUE,VALUE,DESCRIPTION,CREATED_ON,CREATED_BY,STATUS) values((select NUM_SISTEMA('BANNER') from DUAL),(select NUM_CATALOGO('BANNER','PropiedadesSWF') from DUAL),'log.LEVEL','INFO','Nivel de loggeo a emplear',CURRENT_TIMESTAMP,'BANNER',1);
insert into FWK_CAT_CONTENT (ID_APP,ID_ADMIN,KEY_VALUE,VALUE,DESCRIPTION,CREATED_ON,CREATED_BY,STATUS) values((select NUM_SISTEMA('BANNER') from DUAL),(select NUM_CATALOGO('BANNER','PropiedadesSWF') from DUAL),'log.MaxMessageLength','[NULL]','Máxima longitud de mensajes a registrar',CURRENT_TIMESTAMP,'BANNER',1);
insert into FWK_CAT_CONTENT (ID_APP,ID_ADMIN,KEY_VALUE,VALUE,DESCRIPTION,CREATED_ON,CREATED_BY,STATUS) values((select NUM_SISTEMA('BANNER') from DUAL),(select NUM_CATALOGO('BANNER','PropiedadesSWF') from DUAL),'log.MaxStackTraceLength','[NULL]','Máxima longitud de pila de errores a registrar',CURRENT_TIMESTAMP,'BANNER',1);
insert into FWK_CAT_CONTENT (ID_APP,ID_ADMIN,KEY_VALUE,VALUE,DESCRIPTION,CREATED_ON,CREATED_BY,STATUS) values((select NUM_SISTEMA('BANNER') from DUAL),(select NUM_CATALOGO('BANNER','PropiedadesSWF') from DUAL),'log.PackageStartsWith','mx.vw.','Cadena inicial del nombre de paquetes a detectar errores',CURRENT_TIMESTAMP,'BANNER',1);
insert into FWK_CAT_CONTENT (ID_APP,ID_ADMIN,KEY_VALUE,VALUE,DESCRIPTION,CREATED_ON,CREATED_BY,STATUS) values((select NUM_SISTEMA('BANNER') from DUAL),(select NUM_CATALOGO('BANNER','PropiedadesSWF') from DUAL),'log.PATH','/swf/banner/log/','ruta donde colocar los archivos log',CURRENT_TIMESTAMP,'BANNER',1);
insert into FWK_CAT_CONTENT (ID_APP,ID_ADMIN,KEY_VALUE,VALUE,DESCRIPTION,CREATED_ON,CREATED_BY,STATUS) values((select NUM_SISTEMA('BANNER') from DUAL),(select NUM_CATALOGO('BANNER','PropiedadesSWF') from DUAL),'log.SaveToDB','true','Indica si debe guardarse la información de log en la base de datos',CURRENT_TIMESTAMP,'BANNER',1);
insert into FWK_CAT_CONTENT (ID_APP,ID_ADMIN,KEY_VALUE,VALUE,DESCRIPTION,CREATED_ON,CREATED_BY,STATUS) values((select NUM_SISTEMA('BANNER') from DUAL),(select NUM_CATALOGO('BANNER','PropiedadesSWF') from DUAL),'log.STACKTRACE','true','Indica si debe mostrarse la pila de errores en los mensajes o no',CURRENT_TIMESTAMP,'BANNER',1);

--Creación de FwkCatContents - BANNER - Rutas
insert into FWK_CAT_CONTENT (ID_APP,ID_ADMIN,KEY_VALUE,VALUE,DESCRIPTION,CREATED_ON,CREATED_BY,STATUS) values((select NUM_SISTEMA('BANNER') from DUAL),(select NUM_CATALOGO('BANNER','PropiedadesSWF') from DUAL),'rutas.','','Parámetros de configuración de rutas de los diferentes recursos del sistema.',CURRENT_TIMESTAMP,'BANNER',1);
insert into FWK_CAT_CONTENT (ID_APP,ID_ADMIN,KEY_VALUE,VALUE,DESCRIPTION,CREATED_ON,CREATED_BY,STATUS) values((select NUM_SISTEMA('BANNER') from DUAL),(select NUM_CATALOGO('BANNER','PropiedadesSWF') from DUAL),'rutas.Estaticos','http://10.148.10.195/banner-files/','Indica la ruta base de acceso a los archivos estáticos',CURRENT_TIMESTAMP,'BANNER',1);
insert into FWK_CAT_CONTENT (ID_APP,ID_ADMIN,KEY_VALUE,VALUE,DESCRIPTION,CREATED_ON,CREATED_BY,STATUS) values((select NUM_SISTEMA('BANNER') from DUAL),(select NUM_CATALOGO('BANNER','PropiedadesSWF') from DUAL),'rutas.Estaticos.Reportes','http://10.148.10.195/banner-files/','Indica la ruta base de acceso a los archivos estáticos',CURRENT_TIMESTAMP,'BANNER',1);
insert into FWK_CAT_CONTENT (ID_APP,ID_ADMIN,KEY_VALUE,VALUE,DESCRIPTION,CREATED_ON,CREATED_BY,STATUS) values((select NUM_SISTEMA('BANNER') from DUAL),(select NUM_CATALOGO('BANNER','PropiedadesSWF') from DUAL),'rutas.ayuda','ayuda','Ruta de archivos de ayuda, complementar con ruta estaticos',CURRENT_TIMESTAMP,'BANNER',1);
insert into FWK_CAT_CONTENT (ID_APP,ID_ADMIN,KEY_VALUE,VALUE,DESCRIPTION,CREATED_ON,CREATED_BY,STATUS) values((select NUM_SISTEMA('BANNER') from DUAL),(select NUM_CATALOGO('BANNER','PropiedadesSWF') from DUAL),'rutas.CSS','css','Ruta de archivos de css, complementar con ruta estaticos',CURRENT_TIMESTAMP,'BANNER',1);
insert into FWK_CAT_CONTENT (ID_APP,ID_ADMIN,KEY_VALUE,VALUE,DESCRIPTION,CREATED_ON,CREATED_BY,STATUS) values((select NUM_SISTEMA('BANNER') from DUAL),(select NUM_CATALOGO('BANNER','PropiedadesSWF') from DUAL),'rutas.contextoBase','/banner-web/','Nombre del contexto base de la aplicación',CURRENT_TIMESTAMP,'BANNER',1);
insert into FWK_CAT_CONTENT (ID_APP,ID_ADMIN,KEY_VALUE,VALUE,DESCRIPTION,CREATED_ON,CREATED_BY,STATUS) values((select NUM_SISTEMA('BANNER') from DUAL),(select NUM_CATALOGO('BANNER','PropiedadesSWF') from DUAL),'rutas.Exit','AutenticacionLSvlt','Nombre del servlet de logout, debe complementarse con el contexto base',CURRENT_TIMESTAMP,'BANNER',1);
insert into FWK_CAT_CONTENT (ID_APP,ID_ADMIN,KEY_VALUE,VALUE,DESCRIPTION,CREATED_ON,CREATED_BY,STATUS) values((select NUM_SISTEMA('BANNER') from DUAL),(select NUM_CATALOGO('BANNER','PropiedadesSWF') from DUAL),'rutas.ExitRedirect','https://ipservidor/pkmslogout?filename=bannerlogout.html','Nombre de la página para cerrar sesión en TAM, otorgado por AMS',CURRENT_TIMESTAMP,'BANNER',1);
insert into FWK_CAT_CONTENT (ID_APP,ID_ADMIN,KEY_VALUE,VALUE,DESCRIPTION,CREATED_ON,CREATED_BY,STATUS) values((select NUM_SISTEMA('BANNER') from DUAL),(select NUM_CATALOGO('BANNER','PropiedadesSWF') from DUAL),'rutas.Imagen','img','Ruta de archivos de imagen, complementar con ruta estaticos',CURRENT_TIMESTAMP,'BANNER',1);
insert into FWK_CAT_CONTENT (ID_APP,ID_ADMIN,KEY_VALUE,VALUE,DESCRIPTION,CREATED_ON,CREATED_BY,STATUS) values((select NUM_SISTEMA('BANNER') from DUAL),(select NUM_CATALOGO('BANNER','PropiedadesSWF') from DUAL),'rutas.JQW','jqwidgets','Ruta de acceso a jqwidgets, complementar con ruta estaticos',CURRENT_TIMESTAMP,'BANNER',1);
insert into FWK_CAT_CONTENT (ID_APP,ID_ADMIN,KEY_VALUE,VALUE,DESCRIPTION,CREATED_ON,CREATED_BY,STATUS) values((select NUM_SISTEMA('BANNER') from DUAL),(select NUM_CATALOGO('BANNER','PropiedadesSWF') from DUAL),'rutas.LoginError','baseapp/AccesoInvalido.jsf','Pantalla a mostrar cuando no se tiene acceso al recurso, complementar con el contexto base',CURRENT_TIMESTAMP,'BANNER',1);
insert into FWK_CAT_CONTENT (ID_APP,ID_ADMIN,KEY_VALUE,VALUE,DESCRIPTION,CREATED_ON,CREATED_BY,STATUS) values((select NUM_SISTEMA('BANNER') from DUAL),(select NUM_CATALOGO('BANNER','PropiedadesSWF') from DUAL),'rutas.LoginSuccess','baseapp/main.jsf','Pantalla principal del sistema, complementar con el contexto base',CURRENT_TIMESTAMP,'BANNER',1);
insert into FWK_CAT_CONTENT (ID_APP,ID_ADMIN,KEY_VALUE,VALUE,DESCRIPTION,CREATED_ON,CREATED_BY,STATUS) values((select NUM_SISTEMA('BANNER') from DUAL),(select NUM_CATALOGO('BANNER','PropiedadesSWF') from DUAL),'rutas.LogoVW','http://vw.com.mx','URL al que se redirige cuando se oprime el logotipo de VWM',CURRENT_TIMESTAMP,'BANNER',1);
insert into FWK_CAT_CONTENT (ID_APP,ID_ADMIN,KEY_VALUE,VALUE,DESCRIPTION,CREATED_ON,CREATED_BY,STATUS) values((select NUM_SISTEMA('BANNER') from DUAL),(select NUM_CATALOGO('BANNER','PropiedadesSWF') from DUAL),'rutas.Reportes','http://10.148.10.195/banner-files/reportes','Ruta de acceso a los reportes, complementar con ruta estaticos',CURRENT_TIMESTAMP,'BANNER',1);
insert into FWK_CAT_CONTENT (ID_APP,ID_ADMIN,KEY_VALUE,VALUE,DESCRIPTION,CREATED_ON,CREATED_BY,STATUS) values((select NUM_SISTEMA('BANNER') from DUAL),(select NUM_CATALOGO('BANNER','PropiedadesSWF') from DUAL),'rutas.Sistema','http://localhost','Ruta base del sistema para redireccionamiento, complementar con ruta de contexto base',CURRENT_TIMESTAMP,'BANNER',1);
insert into FWK_CAT_CONTENT (ID_APP,ID_ADMIN,KEY_VALUE,VALUE,DESCRIPTION,CREATED_ON,CREATED_BY,STATUS) values((select NUM_SISTEMA('BANNER') from DUAL),(select NUM_CATALOGO('BANNER','PropiedadesSWF') from DUAL),'rutas.SWFactory','http://portalvwm.vwm.na.vwg/web/software-factory/inicio','URL al que se redirige cuando se oprime el vínculo de Software Factory',CURRENT_TIMESTAMP,'BANNER',1);
insert into FWK_CAT_CONTENT (ID_APP,ID_ADMIN,KEY_VALUE,VALUE,DESCRIPTION,CREATED_ON,CREATED_BY,STATUS) values((select NUM_SISTEMA('BANNER') from DUAL),(select NUM_CATALOGO('BANNER','PropiedadesSWF') from DUAL),'rutas.Resources','resource','Ruta de acceso a los archivos de recursos',CURRENT_TIMESTAMP,'BANNER',1);

--Creación de FwkCatContents - BANNER - App
insert into FWK_CAT_CONTENT (ID_APP,ID_ADMIN,KEY_VALUE,VALUE,DESCRIPTION,CREATED_ON,CREATED_BY,STATUS) values((select NUM_SISTEMA('BANNER') from DUAL),(select NUM_CATALOGO('BANNER','PropiedadesSWF') from DUAL),'app.DefaultTableRows','15','Número predeterminado de registros a mostrar en las tablas de datos',CURRENT_TIMESTAMP,'BANNER',1);
insert into FWK_CAT_CONTENT (ID_APP,ID_ADMIN,KEY_VALUE,VALUE,DESCRIPTION,CREATED_ON,CREATED_BY,STATUS) values((select NUM_SISTEMA('BANNER') from DUAL),(select NUM_CATALOGO('BANNER','PropiedadesSWF') from DUAL),'app.ReloadResource','false','Indica si debe recargarse los recursos de la aplicación de forma automática en cada petición',CURRENT_TIMESTAMP,'BANNER',1);
insert into FWK_CAT_CONTENT (ID_APP,ID_ADMIN,KEY_VALUE,VALUE,DESCRIPTION,CREATED_ON,CREATED_BY,STATUS) values((select NUM_SISTEMA('BANNER') from DUAL),(select NUM_CATALOGO('BANNER','PropiedadesSWF') from DUAL),'app.Timeout','18','Indica el tiempo de expiración de sesión',CURRENT_TIMESTAMP,'BANNER',1);

--Creación de SegPerfil
insert into SEG_PERFIL (perfil, estatus, descripcion) values ('BANNER',1, 'Perfil de acceso a la aplicación, es necesario que quien tenga acceso a la aplicación tenga este perfil incialmente.');
insert into SEG_PERFIL (perfil, estatus, descripcion) values ('BANNER_ADM_AMS',1, 'Perfil de administrador de AMS, pertenece al especialista de AMS que da soporte a la aplicación.');
insert into SEG_PERFIL (perfil, estatus, descripcion) values ('BANNER_UM',1, 'Perfil de administrador de usuarios, pertenece al área de user management.');
insert into SEG_PERFIL (perfil, estatus, descripcion) values ('BANNER_ADM_SIST',1, 'Perfil de administrador del sistema, generalmente corresponde a un key-user designado.');

--Creación de SegUsuario
insert into SEG_USUARIO (Id,User_Id,NombreUsuario,ApPaterno,ApMaterno,CorreoE,Estatus) values (1,'dzmTest','Usuario','de','Pruebas','rafael.miranda@vw.com.mx',1);

--Creación de SegPefilUsario
insert into SEG_PERFIL_USR (IdUsuario,IdPerfil) values (1,(select id from SEG_Perfil where perfil = 'BANNER'));
insert into SEG_PERFIL_USR (IdUsuario,IdPerfil) values (1,(select id from SEG_Perfil where perfil = 'BANNER_ADM_AMS'));
insert into SEG_PERFIL_USR (IdUsuario,IdPerfil) values (1,(select id from SEG_Perfil where perfil = 'BANNER_UM'));
insert into SEG_PERFIL_USR (IdUsuario,IdPerfil) values (1,(select id from SEG_Perfil where perfil = 'BANNER_ADM_SIST'));

--Creación de FwkIdioma
insert into FWK_IDIOMA (Id,Descripcion,Cod_Idioma,Cod_Pais,Estatus,Predeterminado) values (1,'Español México','es','MX',1,1);
insert into FWK_IDIOMA (Id,Descripcion,Cod_Idioma,Cod_Pais,Estatus,Predeterminado) values (2,'English US','en','US',1,0);
insert into FWK_IDIOMA (Id,Descripcion,Cod_Idioma,Cod_Pais,Estatus,Predeterminado) values (3,'Alemán','de','DE',1,0);
insert into FWK_IDIOMA (Id,Descripcion,Cod_Idioma,Cod_Pais,Estatus,Predeterminado) values (4,'Español Argentina','es','AR',1,0);
